{
  "total_records": 105,
  "successful_predictions": 104,
  "failed_predictions": 1,
  "mse": 43.99093846153846,
  "rmse": 6.6325665063788435,
  "mean_actual_tip": 13.30903846153846,
  "mean_predicted_tip": 16.048076923076923,
  "mean_abs_error": 4.135,
  "dataset_source": "Reddit posts (kfkas/service-tipping-reddit-data-filtered_v2)",
  "model": "gpt-4.1-nano",
  "timestamp": "2025-05-11 06:20:53"
}